страна (straná), country
услуги (uslúgi), services
вложить деньги (vlozhít’ déngi), invest money
потратить деньги, spend money
отлично (atlíchnа), excellent
денег (dén-yek), money
молоток (malatóк), hammer
много денег (mnóga dényeg), a lot of money
успокоиться (uspakóitsa), calm down
почти (pochti), nearly
люди, people
я ходил на работу (ya khadíl na rabótu), I go to work (for men)
картина (kartína), paint
но ничего (no nichevó), but it's okay
наш подкаст (nash podkást), our podcast
обязательно (abyazátel'na), definitely
осуждение (osuzhdéniye), condemnation
самое главное (sámaye glavnóye), the most important thing
зачем (zachém), what for
гипотез (gipótez), hypothesis
конечно (kanéshna), obviously
отопления (atapléniya), heating system (at house)
скучаю (skucháyu), I missed someone
наоборот (naoborót), in opposite
сладкий (sládskiy), sweet
сегодня (se-gód-nya), today
среднего (srédneva), medium size
Я хочу делать (ya khochú dyélat’)..., I want to do...
сначала (snachála), in the beginning
наконец-то (nakonets-ta), at the end
сейчас (seychás), now
вкусно (vkúsna), delicious
никогда (nikogdá), never
сорок (sórok), forty
разные (ráznyye), various
каникулы (kaníkuly), holiday
маленький (málenkiy), small
Это было (eto býlo)..., it was...
не болит (nye balít), does not hurt
помогаешь (pomogáyesh), you help
холод (khó-lat), cold
завтра (závtra), tomorrow
далеко (dalekó), far
вторник (vtórnik), Tuesday
два года (dva góda), two years
очень много (óchen mnógo), very much
продают (prodáyut), they sell
человек (chelovék), person
пальцев (páltsev), fingers
означает (oznacháyet), it means
власть (vlast’), power
удаче (udáche), luck
когда (kagdá), when
закончил (zakónchil), finished
образования (obrazavániya), education